<?xml version="1.0" encoding="UTF-8"?>
<!DOCTYPE suite SYSTEM "https://testng.org/testng-1.0.dtd">
<suite name="Suite">
	<listeners>
		<listener class-name="com.drb.scripts.CustomListeners" />
	</listeners>

	<test name="Create profile details">
		<classes>
			<class name="com.drb.scripts.CreateProfile" />
		</classes>
	</test> <!-- Test -->
	<test thread-count="5" name="Admin">
		<classes>
			<class name="com.drb.scripts.Admin" />

		</classes>
	</test>
	

	<test thread-count="5" name="Test">
		<classes>
			<class name="com.drb.scripts.HomePage" />
		</classes>
	</test>

	



</suite> <!-- Suite -->
